Gemcodel,Gemcode,GemeentecodeGM,Provincienaam,Provinciecode,ProvinciecodePV,Y2011Q3,Y2012Q1,Y2012Q3,Y2013Q1,Y2013Q3,Y2014Q1,Y2016Q1,Y2016Q3,Y2017Q1,Y2018Q1,Y2018Q3,Y2019Q1,Y2019Q3,Y2020Q3,Y2021Q3,Y2022Q3
Aa en Hunze,1680,GM1680,Drenthe,22,PV22,0,0,0,0,0,0,0,0,0,0,1,2,2,27,27,72
Aalburg,738,GM0738,Noord-Brabant,30,PV30,0,0,0,0,0,0,0,0,0,0,0,,,,,
Aalsmeer,358,GM0358,Noord-Holland,27,PV27,0,50,50,100,100,100,50,93,92,92,91,95,95,94,92,97
Aalten,197,GM0197,Gelderland,25,PV25,62,87,87,89,90,90,82,74,74,79,79,83,92,96,97,97
Achtkarspelen,59,GM0059,Friesland,21,PV21,0,0,0,0,0,0,0,0,0,0,0,0,0,27,27,50
Alblasserdam,482,GM0482,Zuid-Holland,28,PV28,0,0,0,0,0,0,0,0,0,0,1,1,1,1,2,2
Albrandswaard,613,GM0613,Zuid-Holland,28,PV28,1,1,1,20,92,99,32,95,94,93,94,97,97,97,96,97
Alkmaar,361,GM0361,Noord-Holland,27,PV27,0,0,0,0,1,1,7,1,1,2,3,3,3,10,19,37
Almelo,141,GM0141,Overijssel,23,PV23,0,0,0,3,7,84,65,97,96,96,96,98,98,98,98,98
Almere,34,GM0034,Flevoland,24,PV24,86,84,84,99,99,100,100,94,94,94,96,98,98,98,98,99
Alphen aan den Rijn,484,GM0484,Zuid-Holland,28,PV28,28,73,73,99,99,100,59,63,64,64,64,67,67,67,67,74
Alphen-Chaam,1723,GM1723,Noord-Brabant,30,PV30,0,0,0,0,0,0,0,0,0,11,16,20,32,33,32,32
Ameland,60,GM0060,Friesland,21,PV21,0,0,0,0,0,0,55,90,89,88,88,92,97,96,94,92
Amersfoort,307,GM0307,Utrecht,26,PV26,72,81,81,97,100,100,97,97,97,97,97,98,98,98,98,98
Amstelveen,362,GM0362,Noord-Holland,27,PV27,10,11,11,12,12,13,4,9,9,9,10,11,11,11,12,51
Amsterdam,363,GM0363,Noord-Holland,27,PV27,14,12,12,13,14,16,19,16,17,17,19,19,19,20,23,32
Anna Paulowna,366,GM0366,,,,0,0,0,,,,,,,,,,,,,
Apeldoorn,200,GM0200,Gelderland,25,PV25,0,1,1,2,2,2,17,12,12,14,14,24,22,41,45,98
Appingedam,3,GM0003,Groningen,20,PV20,0,0,0,0,0,0,0,0,0,0,0,1,1,9,,
Arnhem,202,GM0202,Gelderland,25,PV25,7,7,7,8,10,11,10,10,10,12,14,16,20,44,50,81
Assen,106,GM0106,Drenthe,22,PV22,0,0,0,13,13,13,8,7,8,14,14,15,15,18,20,48
Asten,743,GM0743,Noord-Brabant,30,PV30,0,0,0,50,92,92,86,85,85,86,87,99,99,97,99,99
Baarle-Nassau,744,GM0744,Noord-Brabant,30,PV30,0,62,62,69,70,70,48,61,61,78,89,91,92,95,96,96
Baarn,308,GM0308,Utrecht,26,PV26,0,0,0,0,0,0,93,93,92,93,93,94,94,94,95,96
Barendrecht,489,GM0489,Zuid-Holland,28,PV28,0,0,0,0,0,0,0,0,0,1,2,2,2,3,4,5
Barneveld,203,GM0203,Gelderland,25,PV25,0,1,1,27,60,79,64,69,68,69,73,71,78,79,79,86
Bedum,5,GM0005,Groningen,20,PV20,0,0,0,0,0,0,0,0,0,0,0,,,,,
Beek,888,GM0888,Limburg,31,PV31,0,0,0,0,11,83,97,87,87,87,87,89,89,89,89,89
Beemster,370,GM0370,Noord-Holland,27,PV27,0,0,0,1,1,1,0,2,4,9,11,10,10,47,54,
Beesel,889,GM0889,Limburg,31,PV31,3,3,3,3,3,3,87,1,1,1,1,1,1,2,3,98
Bellingwedde,7,GM0007,Groningen,20,PV20,0,0,0,0,0,0,0,0,0,,,,,,,
Bergambacht,491,GM0491,,,,0,0,0,0,0,0,,,,,,,,,,
Bergeijk,1724,GM1724,Noord-Brabant,30,PV30,0,0,0,78,100,100,97,92,95,96,96,97,97,97,98,99
Bergen (L.),893,GM0893,Limburg,31,PV31,0,0,0,0,0,0,0,0,0,0,0,0,0,0,0,11
Bergen (NH.),373,GM0373,Noord-Holland,27,PV27,0,0,0,0,0,0,0,0,0,0,1,1,1,2,2,2
Bergen op Zoom,748,GM0748,Noord-Brabant,30,PV30,0,1,1,1,1,1,2,1,2,3,5,7,13,42,62,99
Berkelland,1859,GM1859,Gelderland,25,PV25,15,15,15,48,64,78,77,80,80,80,94,95,96,96,96,99
Bernheze,1721,GM1721,Noord-Brabant,30,PV30,0,0,0,0,0,0,0,0,0,74,95,98,98,100,99,99
Bernisse,568,GM0568,,,,0,0,0,0,0,0,,,,,,,,,,
Best,753,GM0753,Noord-Brabant,30,PV30,98,98,98,99,99,100,91,89,88,89,91,93,93,93,94,95
Beuningen,209,GM0209,Gelderland,25,PV25,0,0,0,30,92,99,91,92,91,92,92,93,93,93,93,98
Beverwijk,375,GM0375,Noord-Holland,27,PV27,0,6,6,15,15,19,16,10,9,12,12,12,12,14,17,25
het Bildt,63,GM0063,Friesland,21,PV21,0,0,0,0,0,0,0,0,0,,,,,,,
De Bilt,310,GM0310,Utrecht,26,PV26,0,0,0,0,24,65,72,76,76,76,76,77,77,78,78,78
Binnenmaas,585,GM0585,Zuid-Holland,28,PV28,0,0,0,0,0,0,0,0,0,0,1,,,,,
Bladel,1728,GM1728,Noord-Brabant,30,PV30,0,0,0,0,0,0,0,0,4,5,6,7,7,7,8,8
Blaricum,376,GM0376,Noord-Holland,27,PV27,0,1,1,2,3,3,13,6,12,14,17,19,19,22,24,24
Bloemendaal,377,GM0377,Noord-Holland,27,PV27,0,0,0,0,0,0,0,0,0,0,1,1,1,1,2,79
Boarnsterhim,55,GM0055,,,,0,0,0,0,0,0,,,,,,,,,,
Bodegraven-Reeuwijk,1901,GM1901,Zuid-Holland,28,PV28,0,0,0,14,14,14,15,16,16,28,30,24,24,24,28,18
Boekel,755,GM0755,Noord-Brabant,30,PV30,,,,35,100,100,98,93,92,98,98,99,99,99,99,99
Ten Boer,9,GM0009,Groningen,20,PV20,0,0,0,0,0,0,0,0,0,0,0,,,,,
Borger-Odoorn,1681,GM1681,Drenthe,22,PV22,0,0,,0,0,0,0,0,0,0,0,0,0,10,17,52
Borne,147,GM0147,Overijssel,23,PV23,0,44,99,100,100,100,96,89,88,90,93,94,94,94,95,96
Borsele,654,GM0654,Zeeland,29,PV29,0,0,0,0,0,0,0,0,0,0,0,1,1,1,1,1
Boskoop,499,GM0499,,,,0,0,0,0,0,0,,,,,,,,,,
Boxmeer,756,GM0756,Noord-Brabant,30,PV30,0,0,0,0,0,0,0,0,0,1,1,47,98,99,99,
Boxtel,757,GM0757,Noord-Brabant,30,PV30,0,0,0,0,0,0,0,0,1,1,5,5,5,5,6,22
Breda,758,GM0758,Noord-Brabant,30,PV30,0,0,0,1,1,1,0,3,3,3,4,4,7,21,23,73
Brielle,501,GM0501,Zuid-Holland,28,PV28,0,0,0,0,0,0,0,0,0,0,1,1,48,49,51,62
Bronckhorst,1876,GM1876,Gelderland,25,PV25,46,51,56,57,57,57,57,50,50,52,52,55,71,80,80,98
Brummen,213,GM0213,Gelderland,25,PV25,35,87,87,86,86,86,79,73,73,79,79,81,81,80,81,95
Brunssum,899,GM0899,Limburg,31,PV31,0,0,0,0,0,0,98,88,88,81,82,85,85,83,87,88
Bunnik,312,GM0312,Utrecht,26,PV26,10,10,52,97,97,98,92,89,88,91,91,94,95,95,96,98
Bunschoten,313,GM0313,Utrecht,26,PV26,8,65,100,100,100,100,98,92,92,91,92,95,95,99,99,99
Buren,214,GM0214,Gelderland,25,PV25,0,0,0,0,0,0,0,0,1,1,2,3,6,25,26,29
Bussum,381,GM0381,,,,12,12,12,12,12,26,,,,,,,,,,
Capelle aan den IJssel,502,GM0502,Zuid-Holland,28,PV28,0,0,0,0,0,0,0,0,0,0,1,1,1,2,3,4
Castricum,383,GM0383,Noord-Holland,27,PV27,0,0,0,0,0,0,1,1,1,2,3,3,3,3,5,6
Coevorden,109,GM0109,Drenthe,22,PV22,0,0,0,0,0,0,37,38,38,40,41,43,43,60,61,96
Cranendonck,1706,GM1706,Noord-Brabant,30,PV30,0,0,0,20,70,70,62,62,60,60,60,63,63,68,69,70
Cromstrijen,611,GM0611,Zuid-Holland,28,PV28,0,0,0,0,0,0,0,0,0,0,1,,,,,
Cuijk,1684,GM1684,Noord-Brabant,30,PV30,,0,2,2,2,3,2,5,6,9,9,9,97,98,98,
Culemborg,216,GM0216,Gelderland,25,PV25,0,1,3,3,3,3,96,91,90,93,95,97,97,96,95,98
Dalfsen,148,GM0148,Overijssel,23,PV23,0,0,0,0,0,43,40,43,43,43,65,67,69,68,69,82
Dantumadiel,1891,GM1891,Friesland,21,PV21,0,0,0,0,0,0,52,74,74,74,74,74,69,74,73,92
Delft,503,GM0503,Zuid-Holland,28,PV28,10,12,12,12,12,12,2,3,3,3,4,6,6,7,8,77
Delfzijl,10,GM0010,Groningen,20,PV20,0,0,0,0,0,0,0,0,0,0,0,0,0,0,,
Deurne,762,GM0762,Noord-Brabant,30,PV30,0,0,0,0,0,0,0,0,0,1,2,1,1,38,68,96
Deventer,150,GM0150,Overijssel,23,PV23,88,89,90,91,91,92,96,89,89,90,91,93,95,94,95,96
Diemen,384,GM0384,Noord-Holland,27,PV27,11,10,10,11,11,13,0,2,4,4,10,16,26,62,76,83
Dinkelland,1774,GM1774,Overijssel,23,PV23,1,27,40,39,55,61,74,87,86,89,91,92,92,92,92,96
Dirksland,504,GM0504,,,,0,0,0,0,0,,,,,,,,,,,
Doesburg,221,GM0221,Gelderland,25,PV25,0,0,0,0,0,0,0,0,0,0,0,0,0,2,4,51
Doetinchem,222,GM0222,Gelderland,25,PV25,0,0,0,0,18,40,93,90,90,90,91,93,94,97,98,99
Dongen,766,GM0766,Noord-Brabant,30,PV30,0,2,2,2,2,3,6,2,3,5,7,11,18,19,23,89
Dongeradeel,58,GM0058,Friesland,21,PV21,1,1,1,2,1,1,38,57,58,58,58,,,,,
Dordrecht,505,GM0505,Zuid-Holland,28,PV28,69,78,93,98,98,98,99,92,91,91,91,93,93,94,94,95
Drechterland,498,GM0498,Noord-Holland,27,PV27,0,0,0,0,0,0,0,1,1,1,3,3,3,8,9,18
Drimmelen,1719,GM1719,Noord-Brabant,30,PV30,0,0,0,0,0,0,0,0,0,0,0,0,0,2,2,62
Dronten,303,GM0303,Flevoland,24,PV24,92,90,92,91,91,92,94,88,87,87,88,90,90,93,95,99
Druten,225,GM0225,Gelderland,25,PV25,0,0,0,0,3,7,0,6,6,8,7,7,8,8,10,99
Duiven,226,GM0226,Gelderland,25,PV25,0,0,0,0,0,0,0,0,0,0,0,0,0,0,5,6
Echt-Susteren,1711,GM1711,Limburg,31,PV31,0,0,0,0,43,84,66,76,76,77,77,79,79,78,79,86
Edam-Volendam,385,GM0385,Noord-Holland,27,PV27,0,1,1,2,4,4,0,3,4,5,5,7,9,20,21,23
Ede,228,GM0228,Gelderland,25,PV25,0,0,1,1,1,15,27,20,22,23,29,31,33,34,35,62
Eemnes,317,GM0317,Utrecht,26,PV26,0,0,0,0,0,0,0,1,3,4,6,7,7,8,11,11
Eemsmond,1651,GM1651,Groningen,20,PV20,0,0,0,0,0,0,0,0,0,0,0,,,,,
Eersel,770,GM0770,Noord-Brabant,30,PV30,0,0,0,0,0,0,94,87,87,93,93,96,96,96,96,99
Eijsden-Margraten,1903,GM1903,Limburg,31,PV31,0,0,0,0,0,0,0,0,0,0,0,1,1,1,1,1
Eindhoven,772,GM0772,Noord-Brabant,30,PV30,28,27,26,29,35,42,64,73,73,73,76,75,75,75,85,94
Elburg,230,GM0230,Gelderland,25,PV25,58,58,58,62,92,93,80,83,83,84,84,87,97,96,97,98
Emmen,114,GM0114,Drenthe,22,PV22,0,0,28,38,38,38,55,49,49,54,54,55,55,74,88,90
Enkhuizen,388,GM0388,Noord-Holland,27,PV27,0,0,0,0,0,0,0,0,0,0,2,1,1,1,2,2
Enschede,153,GM0153,Overijssel,23,PV23,93,82,91,92,92,92,94,88,90,90,92,93,93,93,94,95
Epe,232,GM0232,Gelderland,25,PV25,,0,0,1,55,82,72,74,74,75,75,76,76,90,88,97
Ermelo,233,GM0233,Gelderland,25,PV25,,0,22,81,85,85,59,81,81,73,73,74,74,79,80,81
Etten-Leur,777,GM0777,Noord-Brabant,30,PV30,0,4,7,7,7,7,8,7,8,9,9,10,10,10,11,56
Ferwerderadiel,1722,GM1722,Friesland,21,PV21,0,0,0,0,0,0,0,0,0,0,0,,,,,
Franekeradeel,70,GM0070,Friesland,21,PV21,0,0,0,0,0,0,0,0,0,,,,,,,
Gaasterlân-Sleat,653,GM0653,,,,0,0,0,0,0,0,,,,,,,,,,
Geertruidenberg,779,GM0779,Noord-Brabant,30,PV30,0,0,0,0,0,0,0,0,0,0,0,1,1,6,6,7
Geldermalsen,236,GM0236,Gelderland,25,PV25,0,0,0,10,80,84,83,76,75,75,76,,,,,
Geldrop-Mierlo,1771,GM1771,Noord-Brabant,30,PV30,100,100,100,100,100,100,98,96,96,99,99,99,99,100,99,99
Gemert-Bakel,1652,GM1652,Noord-Brabant,30,PV30,0,88,88,88,88,88,72,79,79,79,79,82,90,91,93,99
Gennep,907,GM0907,Limburg,31,PV31,0,0,0,0,0,0,0,0,0,0,0,0,0,32,31,60
Giessenlanden,689,GM0689,Zuid-Holland,28,PV28,0,0,0,0,0,0,0,0,40,98,98,,,,,
Gilze en Rijen,784,GM0784,Noord-Brabant,30,PV30,0,0,0,0,0,0,80,84,85,89,90,96,97,98,97,98
Goedereede,511,GM0511,,,,0,0,0,0,0,,,,,,,,,,,
Goes,664,GM0664,Zeeland,29,PV29,0,0,0,0,0,0,0,1,1,1,1,3,3,6,7,86
Goirle,785,GM0785,Noord-Brabant,30,PV30,0,0,0,0,0,0,32,15,15,16,18,16,17,17,18,20
Gorinchem,512,GM0512,Zuid-Holland,28,PV28,0,0,0,0,0,0,0,2,3,5,7,6,6,6,9,11
Gouda,513,GM0513,Zuid-Holland,28,PV28,0,,0,0,0,0,21,22,22,44,44,26,27,60,81,99
Graafstroom,693,GM0693,,,,0,0,0,0,0,,,,,,,,,,,
Graft-De Rijp,365,GM0365,,,,0,0,0,0,0,0,,,,,,,,,,
Grave,786,GM0786,Noord-Brabant,30,PV30,0,0,0,0,0,0,0,0,0,0,0,0,0,1,1,
's-Gravenhage,518,GM0518,Zuid-Holland,28,PV28,3,3,3,4,4,5,8,9,9,9,10,11,12,26,36,60
Groesbeek,241,GM0241,,,,0,0,3,40,96,97,,,,,,,,,,
Groningen,14,GM0014,Groningen,20,PV20,1,1,2,2,2,1,1,3,4,6,6,5,6,7,9,39
Grootegast,15,GM0015,Groningen,20,PV20,0,0,0,0,0,0,0,0,0,0,0,,,,,
Gulpen-Wittem,1729,GM1729,Limburg,31,PV31,0,0,0,0,0,0,0,0,0,0,0,0,0,0,0,0
Haaksbergen,158,GM0158,Overijssel,23,PV23,90,91,91,91,91,92,83,84,84,85,92,94,98,97,97,99
Haaren,788,GM0788,Noord-Brabant,30,PV30,0,0,0,0,0,0,0,0,1,9,14,41,44,46,,
Haarlem,392,GM0392,Noord-Holland,27,PV27,1,1,1,1,1,1,0,7,7,8,9,9,9,9,11,55
Haarlemmerliede en Spaarnwoude,393,GM0393,Noord-Holland,27,PV27,0,0,3,4,4,4,51,45,46,46,50,,,,,
Haarlemmermeer,394,GM0394,Noord-Holland,27,PV27,35,48,51,54,54,54,71,74,73,73,74,76,76,76,77,80
Halderberge,1655,GM1655,Noord-Brabant,30,PV30,0,45,44,45,45,45,40,39,39,40,40,42,42,63,63,99
Hardenberg,160,GM0160,Overijssel,23,PV23,0,0,8,37,56,56,46,54,54,58,76,77,77,77,77,84
Harderwijk,243,GM0243,Gelderland,25,PV25,0,0,9,42,95,100,95,97,95,95,95,96,97,96,99,96
Hardinxveld-Giessendam,523,GM0523,Zuid-Holland,28,PV28,0,0,12,48,94,94,94,85,85,86,87,87,88,89,90,89
Haren,17,GM0017,Groningen,20,PV20,0,0,0,0,0,0,0,0,2,5,5,,,,,
Harenkarspel,395,GM0395,,,,0,0,0,0,0,,,,,,,,,,,
Harlingen,72,GM0072,Friesland,21,PV21,0,0,0,0,0,0,0,0,0,0,0,2,2,5,7,9
Hattem,244,GM0244,Gelderland,25,PV25,0,16,100,100,100,100,83,91,90,94,94,95,95,94,94,99
Heemskerk,396,GM0396,Noord-Holland,27,PV27,0,0,0,0,0,0,18,9,9,9,9,10,10,10,11,12
Heemstede,397,GM0397,Noord-Holland,27,PV27,0,0,0,0,0,0,0,0,0,0,0,1,1,2,3,26
Heerde,246,GM0246,Gelderland,25,PV25,0,1,80,81,81,80,73,74,74,75,75,75,75,86,88,95
Heerenveen,74,GM0074,Friesland,21,PV21,0,0,0,0,0,0,2,1,1,2,2,3,3,11,15,74
Heerhugowaard,398,GM0398,Noord-Holland,27,PV27,1,7,8,9,9,10,7,10,11,14,14,25,25,28,29,
Heerlen,917,GM0917,Limburg,31,PV31,0,0,0,0,0,0,0,0,0,0,0,0,0,0,1,23
Heeze-Leende,1658,GM1658,Noord-Brabant,30,PV30,0,0,0,0,67,98,91,88,87,90,90,95,95,98,97,98
Heiloo,399,GM0399,Noord-Holland,27,PV27,0,0,0,2,80,100,100,98,97,97,98,100,100,98,99,99
Den Helder,400,GM0400,Noord-Holland,27,PV27,0,0,0,0,0,0,3,5,5,6,6,7,7,8,10,50
Hellendoorn,163,GM0163,Overijssel,23,PV23,0,0,0,0,0,0,79,78,77,79,88,91,91,90,91,95
Hellevoetsluis,530,GM0530,Zuid-Holland,28,PV28,0,0,0,0,0,0,0,0,0,0,0,0,0,2,2,8
Helmond,794,GM0794,Noord-Brabant,30,PV30,8,8,8,28,28,28,4,8,8,27,3,34,34,56,56,56
Hendrik-Ido-Ambacht,531,GM0531,Zuid-Holland,28,PV28,,,24,24,24,42,81,94,94,95,97,98,98,98,98,98
Hengelo,164,GM0164,Overijssel,23,PV23,0,0,0,1,0,1,25,24,24,24,25,26,26,45,47,99
's-Hertogenbosch,796,GM0796,Noord-Brabant,30,PV30,0,0,0,0,0,0,23,18,18,18,20,22,24,29,31,77
Heumen,252,GM0252,Gelderland,25,PV25,0,3,3,3,33,90,66,92,92,92,95,91,92,94,93,98
Heusden,797,GM0797,Noord-Brabant,30,PV30,0,0,0,0,0,0,2,5,5,6,7,9,9,10,12,79
Hillegom,534,GM0534,Zuid-Holland,28,PV28,94,93,93,92,92,91,80,83,83,3,7,7,7,8,11,12
Hilvarenbeek,798,GM0798,Noord-Brabant,30,PV30,0,0,0,0,0,0,82,92,92,99,99,94,99,100,99,99
Hilversum,402,GM0402,Noord-Holland,27,PV27,90,100,97,100,100,97,99,97,96,97,98,98,98,98,99,99
Hof van Twente,1735,GM1735,Overijssel,23,PV23,0,0,26,44,65,76,47,83,83,86,87,91,91,91,90,90
Hoogeveen,118,GM0118,Drenthe,22,PV22,0,0,0,0,0,0,56,47,47,48,48,59,59,59,60,60
Hoogezand-Sappemeer,18,GM0018,Groningen,20,PV20,0,0,0,0,0,0,3,0,1,,,,,,,
Hoorn,405,GM0405,Noord-Holland,27,PV27,0,1,4,5,5,5,9,5,6,6,7,8,8,9,12,13
Horst aan de Maas,1507,GM1507,Limburg,31,PV31,0,0,58,84,85,85,76,76,75,80,80,81,81,88,89,98
Houten,321,GM0321,Utrecht,26,PV26,98,98,97,97,97,95,92,90,89,89,90,92,92,94,93,94
Huizen,406,GM0406,Noord-Holland,27,PV27,0,0,0,0,3,46,95,95,95,96,96,97,97,97,97,97
Hulst,677,GM0677,Zeeland,29,PV29,0,0,0,0,0,0,0,0,0,0,0,0,0,1,1,48
IJsselstein,353,GM0353,Utrecht,26,PV26,0,0,80,97,97,96,64,95,95,95,96,98,98,98,98,99
Kaag en Braassem,1884,GM1884,Zuid-Holland,28,PV28,0,0,0,0,0,0,0,1,1,3,4,14,6,15,16,12
Kampen,166,GM0166,Overijssel,23,PV23,0,0,0,0,0,0,15,9,10,12,13,13,15,18,19,24
Kapelle,678,GM0678,Zeeland,29,PV29,0,0,0,0,0,0,0,0,0,0,0,0,0,1,2,77
Katwijk,537,GM0537,Zuid-Holland,28,PV28,0,1,1,1,1,2,21,12,13,14,16,15,16,39,46,99
Kerkrade,928,GM0928,Limburg,31,PV31,0,0,0,0,0,0,0,0,0,0,0,0,0,1,2,6
Koggenland,1598,GM1598,Noord-Holland,27,PV27,0,0,0,0,0,0,1,0,1,2,4,6,6,27,27,27
Kollumerland en Nieuwkruisland,79,GM0079,Friesland,21,PV21,0,0,0,0,0,0,25,51,51,51,51,,,,,
Korendijk,588,GM0588,Zuid-Holland,28,PV28,0,0,0,0,0,0,0,0,0,0,2,,,,,
Krimpen aan den IJssel,542,GM0542,Zuid-Holland,28,PV28,100,100,100,100,100,100,84,96,95,95,96,98,98,99,99,99
Laarbeek,1659,GM1659,Noord-Brabant,30,PV30,99,99,99,98,99,97,91,87,87,87,87,91,97,97,98,99
Landerd,1685,GM1685,Noord-Brabant,30,PV30,0,0,0,0,0,0,0,0,90,96,96,98,99,99,97,
Landgraaf,882,GM0882,Limburg,31,PV31,0,0,0,0,0,0,0,0,0,0,0,0,0,0,0,0
Landsmeer,415,GM0415,Noord-Holland,27,PV27,0,0,0,0,0,0,0,0,0,0,0,0,0,74,84,88
Langedijk,416,GM0416,Noord-Holland,27,PV27,0,0,0,0,0,1,20,11,12,13,13,14,14,15,16,
Lansingerland,1621,GM1621,Zuid-Holland,28,PV28,95,92,98,98,99,97,86,87,87,87,87,91,91,91,92,95
Laren,417,GM0417,Noord-Holland,27,PV27,0,0,0,0,0,0,0,0,0,0,0,0,2,2,2,99
Leek,22,GM0022,Groningen,20,PV20,0,0,0,1,55,84,61,75,75,75,75,,,,,
Leerdam,545,GM0545,Zuid-Holland,28,PV28,0,0,0,0,0,0,0,1,2,2,2,,,,,
Leeuwarden,80,GM0080,Friesland,21,PV21,77,92,98,98,99,98,91,84,84,77,77,80,80,80,81,82
Leeuwarderadeel,81,GM0081,Friesland,21,PV21,0,0,0,0,0,0,0,0,0,,,,,,,
Leiden,546,GM0546,Zuid-Holland,28,PV28,19,19,19,19,19,18,16,23,23,20,21,22,19,35,38,38
Leiderdorp,547,GM0547,Zuid-Holland,28,PV28,0,0,0,0,0,0,0,0,0,0,0,0,0,3,4,5
Leidschendam-Voorburg,1916,GM1916,Zuid-Holland,28,PV28,0,0,0,0,0,0,0,0,0,0,1,1,1,1,3,21
Lelystad,995,GM0995,Flevoland,24,PV24,0,5,5,17,28,44,93,90,90,90,90,95,95,97,98,99
Lemsterland,82,GM0082,,,,0,0,0,0,0,0,,,,,,,,,,
Leudal,1640,GM1640,Limburg,31,PV31,0,0,38,86,90,89,82,80,79,81,81,83,84,91,92,95
Leusden,327,GM0327,Utrecht,26,PV26,96,100,100,99,100,99,94,94,94,93,94,98,99,99,98,99
Liesveld,694,GM0694,,,,0,0,32,52,90,,,,,,,,,,,
Lingewaal,733,GM0733,Gelderland,25,PV25,0,0,36,90,90,89,81,82,82,82,82,,,,,
Lingewaard,1705,GM1705,Gelderland,25,PV25,0,0,1,28,70,96,93,90,90,90,90,91,96,97,98,100
Lisse,553,GM0553,Zuid-Holland,28,PV28,0,0,0,0,0,0,0,0,0,0,2,2,3,3,4,8
Littenseradiel,140,GM0140,Friesland,21,PV21,0,0,0,0,0,0,4,3,3,,,,,,,
Lochem,262,GM0262,Gelderland,25,PV25,47,81,84,84,85,84,73,76,76,76,78,91,98,98,99,99
Loon op Zand,809,GM0809,Noord-Brabant,30,PV30,0,0,0,0,0,0,0,0,0,1,3,3,4,6,8,7
Lopik,331,GM0331,Utrecht,26,PV26,0,0,23,25,25,25,6,23,24,30,30,31,31,31,31,31
Loppersum,24,GM0024,Groningen,20,PV20,0,0,0,0,0,0,0,0,0,0,0,0,0,0,,
Losser,168,GM0168,Overijssel,23,PV23,0,0,35,87,91,91,76,76,75,82,95,95,95,94,95,97
Maasdonk,1671,GM1671,,,,0,0,0,0,0,0,,,,,,,,,,
Maasdriel,263,GM0263,Gelderland,25,PV25,0,0,0,12,66,73,66,68,67,67,68,70,70,70,69,77
Maasgouw,1641,GM1641,Limburg,31,PV31,0,0,0,0,58,99,87,93,92,93,93,94,94,94,95,97
Maassluis,556,GM0556,Zuid-Holland,28,PV28,0,100,100,100,100,100,94,95,95,94,98,99,99,99,97,99
Maastricht,935,GM0935,Limburg,31,PV31,0,0,0,0,0,0,0,0,0,0,0,0,1,1,2,29
De Marne,1663,GM1663,Groningen,20,PV20,0,0,0,0,0,0,0,0,0,0,0,,,,,
Marum,25,GM0025,Groningen,20,PV20,0,0,0,20,53,53,43,50,50,51,51,,,,,
Medemblik,420,GM0420,Noord-Holland,27,PV27,0,0,0,0,0,0,0,0,0,0,1,1,1,5,5,4
Meerssen,938,GM0938,Limburg,31,PV31,0,0,21,39,86,95,89,90,90,90,90,89,89,89,90,91
Menameradiel,1908,GM1908,Friesland,21,PV21,0,0,0,0,0,0,0,0,0,,,,,,,
Menterwolde,1987,GM1987,Groningen,20,PV20,0,0,0,0,0,0,0,0,0,,,,,,,
Meppel,119,GM0119,Drenthe,22,PV22,95,96,96,100,100,100,95,89,88,91,91,94,94,94,95,98
Middelburg,687,GM0687,Zeeland,29,PV29,0,0,0,0,0,0,0,0,0,2,2,4,4,5,6,68
Middelharnis,559,GM0559,,,,0,0,0,0,0,,,,,,,,,,,
Midden-Delfland,1842,GM1842,Zuid-Holland,28,PV28,0,77,98,99,100,100,89,84,85,84,87,90,91,91,90,91
Midden-Drenthe,1731,GM1731,Drenthe,22,PV22,0,0,0,0,64,70,56,59,58,89,89,98,98,98,98,99
Mill en Sint Hubert,815,GM0815,Noord-Brabant,30,PV30,0,0,0,0,0,0,0,0,0,0,0,1,1,1,2,
Millingen aan de Rijn,265,GM0265,,,,0,0,0,87,100,100,,,,,,,,,,
Moerdijk,1709,GM1709,Noord-Brabant,30,PV30,0,0,0,0,0,0,2,0,1,1,2,2,2,3,3,28
Montferland,1955,GM1955,Gelderland,25,PV25,15,44,67,93,94,94,86,85,84,84,85,87,87,96,97,97
Montfoort,335,GM0335,Utrecht,26,PV26,0,0,0,0,0,0,0,0,0,0,0,0,0,99,99,99
Mook en Middelaar,944,GM0944,Limburg,31,PV31,0,0,0,0,0,0,0,0,0,0,0,0,0,3,3,80
Muiden,424,GM0424,,,,0,0,0,0,0,0,,,,,,,,,,
Naarden,425,GM0425,,,,22,22,22,22,22,21,,,,,,,,,,
Neder-Betuwe,1740,GM1740,Gelderland,25,PV25,0,0,20,80,80,80,78,74,73,74,74,75,76,76,89,96
Nederlek,643,GM0643,,,,1,1,1,1,1,1,,,,,,,,,,
Nederweert,946,GM0946,Limburg,31,PV31,0,0,0,4,53,78,70,71,71,72,72,75,87,89,90,95
Neerijnen,304,GM0304,Gelderland,25,PV25,0,0,0,32,38,37,46,35,34,34,35,,,,,
Niedorp,412,GM0412,,,,0,0,0,,,,,,,,,,,,,
Nieuw-Lekkerland,571,GM0571,,,,0,0,50,83,99,,,,,,,,,,,
Nieuwegein,356,GM0356,Utrecht,26,PV26,5,5,5,5,5,5,0,8,7,7,9,10,7,16,16,53
Nieuwkoop,569,GM0569,Zuid-Holland,28,PV28,0,0,0,0,0,0,0,0,1,1,3,15,7,18,19,15
Nijkerk,267,GM0267,Gelderland,25,PV25,94,92,95,95,96,95,86,84,84,82,86,89,93,94,92,86
Nijmegen,268,GM0268,Gelderland,25,PV25,21,27,28,29,44,45,59,49,51,52,53,51,51,65,68,97
Noord-Beveland,1695,GM1695,Zeeland,29,PV29,0,0,0,0,0,0,0,0,0,1,1,2,2,4,6,7
Noordenveld,1699,GM1699,Drenthe,22,PV22,0,0,0,8,47,80,80,72,71,85,85,85,85,83,85,85
Noordoostpolder,171,GM0171,Flevoland,24,PV24,0,0,0,0,0,0,56,53,53,71,72,71,71,70,71,71
Noordwijk,575,GM0575,Zuid-Holland,28,PV28,0,0,0,0,0,0,89,89,88,91,91,61,61,62,62,66
Noordwijkerhout,576,GM0576,Zuid-Holland,28,PV28,0,0,0,0,0,0,0,0,0,0,0,,,,,
"Nuenen, Gerwen en Nederwetten",820,GM0820,Noord-Brabant,30,PV30,93,92,91,100,100,99,93,92,92,94,94,96,96,97,97,99
Nunspeet,302,GM0302,Gelderland,25,PV25,0,72,76,77,91,90,71,82,81,81,82,83,83,93,94,96
Nuth,951,GM0951,Limburg,31,PV31,0,0,44,98,98,99,89,89,88,90,90,,,,,
Oegstgeest,579,GM0579,Zuid-Holland,28,PV28,6,5,5,5,5,1,0,6,7,8,10,10,10,10,12,13
Oirschot,823,GM0823,Noord-Brabant,30,PV30,0,0,0,0,0,0,4,0,10,17,18,22,18,18,18,13
Oisterwijk,824,GM0824,Noord-Brabant,30,PV30,0,0,0,0,0,0,0,0,2,3,4,6,6,6,10,15
Oldambt,1895,GM1895,Groningen,20,PV20,0,0,0,0,0,0,0,0,0,0,0,0,0,1,1,34
Oldebroek,269,GM0269,Gelderland,25,PV25,0,0,72,82,82,81,68,75,75,75,75,76,88,89,90,91
Oldenzaal,173,GM0173,Overijssel,23,PV23,0,12,12,37,100,100,64,94,94,94,96,99,99,99,99,99
Olst-Wijhe,1773,GM1773,Overijssel,23,PV23,0,0,45,81,81,80,75,69,69,74,83,86,92,92,92,96
Ommen,175,GM0175,Overijssel,23,PV23,0,0,0,0,63,68,60,65,63,64,84,85,85,85,86,88
Onderbanken,881,GM0881,Limburg,31,PV31,0,0,0,0,0,0,0,0,0,0,0,,,,,
Oost Gelre,1586,GM1586,Gelderland,25,PV25,65,82,84,83,83,83,79,70,70,73,74,80,87,97,98,98
Oosterhout,826,GM0826,Noord-Brabant,30,PV30,0,0,0,0,0,1,18,10,11,13,15,16,16,17,18,44
Oostflakkee,580,GM0580,,,,0,0,0,0,0,,,,,,,,,,,
Ooststellingwerf,85,GM0085,Friesland,21,PV21,0,0,0,0,0,0,2,1,1,1,1,1,1,4,5,56
Oostzaan,431,GM0431,Noord-Holland,27,PV27,0,0,0,0,0,0,0,0,0,0,0,0,0,0,0,1
Opmeer,432,GM0432,Noord-Holland,27,PV27,0,0,0,0,0,21,15,28,28,29,30,31,32,39,42,37
Opsterland,86,GM0086,Friesland,21,PV21,0,0,0,0,0,9,0,0,0,0,0,0,1,0,2,19
Oss,828,GM0828,Noord-Brabant,30,PV30,1,1,1,4,10,10,4,9,9,10,10,11,16,17,17,32
Oud-Beijerland,584,GM0584,Zuid-Holland,28,PV28,0,0,0,0,0,0,1,1,1,3,3,,,,,
Oude IJsselstreek,1509,GM1509,Gelderland,25,PV25,0,0,29,56,82,81,79,71,71,77,77,77,86,98,98,99
Ouder-Amstel,437,GM0437,Noord-Holland,27,PV27,0,0,0,0,0,0,0,0,0,0,2,2,2,5,8,42
Ouderkerk,644,GM0644,,,,0,0,0,0,0,0,,,,,,,,,,
Oudewater,589,GM0589,Utrecht,26,PV26,0,0,0,0,0,0,0,2,2,46,46,32,33,34,37,37
Overbetuwe,1734,GM1734,Gelderland,25,PV25,0,0,5,15,56,94,94,86,85,86,86,88,88,90,91,95
Papendrecht,590,GM0590,Zuid-Holland,28,PV28,0,0,0,0,0,0,0,2,2,1,2,1,1,2,3,4
Peel en Maas,1894,GM1894,Limburg,31,PV31,0,0,0,23,67,82,77,76,75,76,76,78,78,86,87,92
Pekela,765,GM0765,Groningen,20,PV20,0,0,0,0,0,0,0,0,0,0,0,0,0,0,0,1
Pijnacker-Nootdorp,1926,GM1926,Zuid-Holland,28,PV28,5,5,5,15,38,44,49,40,40,39,53,48,51,53,53,88
Purmerend,439,GM0439,Noord-Holland,27,PV27,1,3,5,5,6,6,4,6,6,6,9,8,9,10,11,46
Putten,273,GM0273,Gelderland,25,PV25,0,21,73,76,81,81,76,80,80,82,82,83,97,95,96,98
Raalte,177,GM0177,Overijssel,23,PV23,0,0,29,71,88,88,79,72,72,80,92,95,98,97,98,99
Reimerswaal,703,GM0703,Zeeland,29,PV29,0,0,0,0,0,0,0,0,0,0,1,1,1,31,32,53
Renkum,274,GM0274,Gelderland,25,PV25,0,0,0,0,0,0,42,34,34,35,35,35,35,36,36,99
Renswoude,339,GM0339,Utrecht,26,PV26,0,0,0,0,0,84,77,79,79,82,93,96,97,96,98,98
Reusel-De Mierden,1667,GM1667,Noord-Brabant,30,PV30,0,0,0,0,0,0,0,0,7,10,10,16,11,11,11,11
Rheden,275,GM0275,Gelderland,25,PV25,0,0,0,0,0,0,44,48,47,47,47,47,47,48,48,51
Rhenen,340,GM0340,Utrecht,26,PV26,0,0,0,0,0,0,3,0,1,0,0,0,4,6,6,97
Ridderkerk,597,GM0597,Zuid-Holland,28,PV28,0,0,0,0,0,0,0,0,1,2,4,5,5,6,8,40
Rijnwaarden,196,GM0196,Gelderland,25,PV25,0,0,0,0,0,0,0,0,0,,,,,,,
Rijnwoude,1672,GM1672,,,,0,0,0,0,0,0,,,,,,,,,,
Rijssen-Holten,1742,GM1742,Overijssel,23,PV23,100,98,98,98,98,97,91,88,88,94,94,98,98,98,99,99
Rijswijk,603,GM0603,Zuid-Holland,28,PV28,0,0,0,0,0,0,1,3,4,4,6,7,7,8,11,73
Roerdalen,1669,GM1669,Limburg,31,PV31,0,0,0,0,0,0,0,0,0,0,0,0,0,1,1,21
Roermond,957,GM0957,Limburg,31,PV31,0,0,0,0,0,0,9,14,14,15,16,17,17,17,19,71
De Ronde Venen,736,GM0736,Utrecht,26,PV26,0,0,0,0,0,0,0,0,1,1,3,3,3,5,7,34
Roosendaal,1674,GM1674,Noord-Brabant,30,PV30,0,0,0,0,0,0,0,0,0,0,1,1,1,9,10,39
Rotterdam,599,GM0599,Zuid-Holland,28,PV28,4,4,4,4,4,5,3,2,3,2,3,3,4,7,9,35
Rozendaal,277,GM0277,Gelderland,25,PV25,0,0,0,0,0,0,0,0,0,9,9,8,8,9,10,68
Rucphen,840,GM0840,Noord-Brabant,30,PV30,0,0,0,0,0,18,7,17,17,17,17,18,25,28,29,29
Schagen,441,GM0441,Noord-Holland,27,PV27,0,0,0,1,1,1,0,1,1,2,2,2,2,21,47,65
Schermer,458,GM0458,,,,0,0,0,0,0,0,,,,,,,,,,
Scherpenzeel,279,GM0279,Gelderland,25,PV25,,0,0,0,0,0,0,0,2,5,7,7,9,14,15,99
Schiedam,606,GM0606,Zuid-Holland,28,PV28,0,0,0,0,0,8,41,96,95,95,97,99,99,99,98,98
Schiermonnikoog,88,GM0088,Friesland,21,PV21,0,0,0,0,0,0,81,99,99,98,98,99,94,99,99,99
Schijndel,844,GM0844,Noord-Brabant,30,,98,97,100,100,100,99,90,90,,,,,,,,
Schinnen,962,GM0962,Limburg,31,PV31,0,0,0,0,0,0,0,0,0,0,0,,,,,
Schoonhoven,608,GM0608,,,,0,0,0,0,0,0,,,,,,,,,,
Schouwen-Duiveland,1676,GM1676,Zeeland,29,PV29,0,0,0,0,0,0,0,0,0,1,2,2,2,2,3,23
Simpelveld,965,GM0965,Limburg,31,PV31,0,0,0,0,0,0,0,0,0,0,0,0,0,0,0,4
Sint Anthonis,1702,GM1702,Noord-Brabant,30,PV30,0,0,0,0,0,0,0,0,0,2,18,98,98,100,98,
Sint-Michielsgestel,845,GM0845,Noord-Brabant,30,PV30,0,0,16,73,89,89,85,80,80,84,85,89,89,87,89,92
Sint-Oedenrode,846,GM0846,Noord-Brabant,30,,84,83,83,83,83,83,76,76,,,,,,,,
Sittard-Geleen,1883,GM1883,Limburg,31,PV31,0,0,0,0,0,0,0,0,0,0,0,0,0,2,2,52
Skarsterlân,51,GM0051,,,,0,0,0,0,0,0,,,,,,,,,,
Sliedrecht,610,GM0610,Zuid-Holland,28,PV28,1,3,3,3,3,3,10,4,4,4,5,7,7,7,10,10
Slochteren,40,GM0040,Groningen,20,PV20,0,0,0,0,0,0,0,3,3,,,,,,,
Sluis,1714,GM1714,Zeeland,29,PV29,0,0,0,0,0,0,0,0,0,1,1,2,2,4,4,38
Smallingerland,90,GM0090,Friesland,21,PV21,0,0,0,0,0,0,0,0,0,2,2,2,2,21,33,40
Soest,342,GM0342,Utrecht,26,PV26,43,50,82,99,99,99,93,91,91,93,93,95,95,96,96,97
Someren,847,GM0847,Noord-Brabant,30,PV30,0,0,0,8,62,87,83,80,80,80,80,97,97,96,97,99
Son en Breugel,848,GM0848,Noord-Brabant,30,PV30,100,100,100,100,100,100,99,94,94,93,94,97,98,99,98,98
Spijkenisse,612,GM0612,,,,0,0,0,1,1,1,,,,,,,,,,
Stadskanaal,37,GM0037,Groningen,20,PV20,0,0,0,0,0,0,0,0,0,0,0,8,8,8,8,8
Staphorst,180,GM0180,Overijssel,23,PV23,0,0,0,0,0,0,0,0,0,0,1,2,43,44,44,64
Stede Broec,532,GM0532,Noord-Holland,27,PV27,0,0,0,0,0,0,0,0,0,0,1,1,1,2,4,4
Steenbergen,851,GM0851,Noord-Brabant,30,PV30,0,0,0,0,0,0,0,0,0,1,1,1,1,10,12,99
Steenwijkerland,1708,GM1708,Overijssel,23,PV23,0,0,0,0,0,0,1,0,0,1,1,1,1,10,10,59
Stein,971,GM0971,Limburg,31,PV31,0,0,0,1,1,43,96,96,95,96,96,0,96,96,97,97
Stichtse Vecht,1904,GM1904,Utrecht,26,PV26,,27,42,45,46,46,54,48,47,48,49,44,44,84,84,90
Strijen,617,GM0617,Zuid-Holland,28,PV28,0,0,0,0,0,0,0,0,0,0,0,,,,,
Súdwest-Fryslân,1900,GM1900,Friesland,21,PV21,,0,0,0,0,0,0,0,0,1,1,1,1,3,3,28
Terneuzen,715,GM0715,Zeeland,29,PV29,0,0,0,0,0,0,0,0,0,1,1,1,1,2,2,83
Terschelling,93,GM0093,Friesland,21,PV21,0,0,0,0,0,0,0,0,0,0,0,0,0,0,0,0
Texel,448,GM0448,Noord-Holland,27,PV27,0,0,0,0,0,8,4,0,0,0,0,85,100,100,98,98
Teylingen,1525,GM1525,Zuid-Holland,28,PV28,0,0,0,0,0,0,24,44,45,46,47,49,49,49,51,54
Tholen,716,GM0716,Zeeland,29,PV29,0,0,0,0,0,0,0,0,0,1,1,4,22,25,26,28
Tiel,281,GM0281,Gelderland,25,PV25,3,3,4,4,4,4,0,0,5,5,5,5,5,6,6,97
Tilburg,855,GM0855,Noord-Brabant,30,PV30,2,2,2,2,2,4,26,25,25,26,31,28,28,31,35,68
Tubbergen,183,GM0183,Overijssel,23,PV23,0,0,35,35,27,27,69,95,92,92,96,97,97,97,97,97
Twenterand,1700,GM1700,Overijssel,23,PV23,0,0,0,30,13,26,71,95,94,94,97,99,99,99,98,98
Tynaarlo,1730,GM1730,Drenthe,22,PV22,0,0,0,13,60,85,75,77,77,79,79,80,80,94,95,97
Tytsjerksteradiel,737,GM0737,Friesland,21,PV21,0,0,0,0,0,0,0,0,1,1,1,1,1,8,9,8
Ubbergen,282,GM0282,,,,2,2,2,2,2,2,,,,,,,,,,
Uden,856,GM0856,Noord-Brabant,30,PV30,100,100,100,100,100,100,89,89,88,88,89,93,93,93,93,
Uitgeest,450,GM0450,Noord-Holland,27,PV27,0,0,0,0,0,0,0,0,0,0,0,0,0,0,0,0
Uithoorn,451,GM0451,Noord-Holland,27,PV27,0,4,5,5,83,100,50,90,90,90,93,96,97,98,97,98
Urk,184,GM0184,Flevoland,24,PV24,0,0,0,1,2,2,98,91,91,99,99,99,99,97,99,99
Utrecht,344,GM0344,Utrecht,26,PV26,13,13,13,13,14,15,17,20,21,26,29,32,29,36,38,43
Utrechtse Heuvelrug,1581,GM1581,Utrecht,26,PV26,0,0,0,0,5,19,15,20,20,21,21,22,24,25,26,73
Vaals,981,GM0981,Limburg,31,PV31,0,0,0,0,0,0,0,0,0,0,2,1,1,1,1,1
Valkenburg aan de Geul,994,GM0994,Limburg,31,PV31,0,0,0,0,16,68,68,68,68,70,71,71,71,71,71,99
Valkenswaard,858,GM0858,Noord-Brabant,30,PV30,100,100,100,100,100,100,98,95,94,96,96,97,97,99,100,100
Veendam,47,GM0047,Groningen,20,PV20,0,11,14,27,31,49,43,45,45,84,99,100,100,100,99,99
Veenendaal,345,GM0345,Utrecht,26,PV26,25,28,29,29,29,29,99,94,93,96,96,99,99,98,99,99
Veere,717,GM0717,Zeeland,29,PV29,0,0,0,0,0,0,0,0,0,0,0,1,1,1,1,9
Veghel,860,GM0860,Noord-Brabant,30,,90,88,89,88,87,88,73,78,,,,,,,,
Veldhoven,861,GM0861,Noord-Brabant,30,PV30,100,100,100,100,100,100,98,95,95,96,96,98,98,98,98,98
Velsen,453,GM0453,Noord-Holland,27,PV27,0,0,0,0,0,0,0,0,0,1,2,1,2,3,5,48
Venlo,983,GM0983,Limburg,31,PV31,0,0,0,0,0,0,0,0,0,0,0,0,0,1,2,28
Venray,984,GM0984,Limburg,31,PV31,0,0,0,0,0,0,0,0,0,0,4,31,31,31,31,32
Vianen,620,GM0620,Utrecht,26,PV26,0,0,0,0,0,0,0,0,1,1,7,,,,,
Vlaardingen,622,GM0622,Zuid-Holland,28,PV28,0,0,0,1,1,1,0,2,2,2,3,4,5,6,8,9
Vlagtwedde,48,GM0048,Groningen,20,PV20,0,0,0,0,0,0,0,0,0,,,,,,,
Vlieland,96,GM0096,Friesland,21,PV21,0,0,0,0,0,0,0,0,0,0,0,0,0,74,99,99
Vlissingen,718,GM0718,Zeeland,29,PV29,0,0,0,0,0,0,0,0,0,1,1,2,2,5,6,73
Vlist,623,GM0623,,,,0,0,0,0,0,0,,,,,,,,,,
Voerendaal,986,GM0986,Limburg,31,PV31,0,0,0,0,0,0,0,0,0,0,0,0,0,0,0,0
Voorschoten,626,GM0626,Zuid-Holland,28,PV28,0,0,0,0,0,0,0,0,0,0,0,0,0,0,0,1
Voorst,285,GM0285,Gelderland,25,PV25,56,56,56,57,58,57,57,53,51,51,52,53,53,55,55,94
Vught,865,GM0865,Noord-Brabant,30,PV30,23,50,97,100,100,100,93,94,94,95,96,96,96,98,98,96
Waalre,866,GM0866,Noord-Brabant,30,PV30,0,2,3,36,57,38,67,58,58,61,82,78,78,78,96,96
Waalwijk,867,GM0867,Noord-Brabant,30,PV30,0,0,0,1,1,3,6,5,7,7,7,9,9,10,11,14
Waddinxveen,627,GM0627,Zuid-Holland,28,PV28,0,0,0,0,0,0,0,3,4,8,8,11,11,14,16,66
Wageningen,289,GM0289,Gelderland,25,PV25,15,16,17,17,17,21,20,4,4,5,5,6,6,6,8,91
Wassenaar,629,GM0629,Zuid-Holland,28,PV28,0,0,0,0,0,0,0,0,0,0,0,1,1,1,1,1
Waterland,852,GM0852,Noord-Holland,27,PV27,0,0,0,0,0,0,0,0,0,0,1,1,1,1,1,2
Weert,988,GM0988,Limburg,31,PV31,10,15,58,94,96,96,86,86,87,87,87,89,89,90,91,95
Weesp,457,GM0457,Noord-Holland,27,PV27,0,0,0,0,0,0,0,1,1,2,4,6,7,8,9,16
Werkendam,870,GM0870,Noord-Brabant,30,PV30,0,0,0,0,0,0,0,0,0,0,0,,,,,
West Maas en Waal,668,GM0668,Gelderland,25,PV25,0,8,56,100,100,99,86,79,80,81,81,83,83,82,88,94
Westerveld,1701,GM1701,Drenthe,22,PV22,0,0,0,0,0,0,0,0,0,0,0,3,33,35,35,99
Westervoort,293,GM0293,Gelderland,25,PV25,0,0,0,0,0,0,0,0,0,0,0,0,0,0,0,0
Westland,1783,GM1783,Zuid-Holland,28,PV28,26,47,78,91,94,93,70,82,82,81,83,89,89,89,88,91
Weststellingwerf,98,GM0098,Friesland,21,PV21,0,0,0,0,0,0,0,0,0,1,1,1,13,63,64,73
Westvoorne,614,GM0614,Zuid-Holland,28,PV28,0,0,0,0,0,0,0,0,0,0,0,1,1,33,34,70
Wierden,189,GM0189,Overijssel,23,PV23,26,25,41,86,89,90,79,71,71,90,97,99,99,98,99,99
Wieringen,462,GM0462,,,,0,0,0,,,,,,,,,,,,,
Wieringermeer,463,GM0463,,,,0,0,0,,,,,,,,,,,,,
Wijchen,296,GM0296,Gelderland,25,PV25,98,96,99,99,99,98,95,90,90,90,90,93,93,94,94,99
Wijdemeren,1696,GM1696,Noord-Holland,27,PV27,0,0,0,0,0,0,0,0,0,7,8,9,10,10,10,10
Wijk bij Duurstede,352,GM0352,Utrecht,26,PV26,0,0,56,100,100,100,93,83,83,91,92,96,97,97,98,99
Winsum,53,GM0053,Groningen,20,PV20,0,0,0,0,0,0,0,0,0,0,0,,,,,
Winterswijk,294,GM0294,Gelderland,25,PV25,30,69,87,88,88,87,79,79,79,79,96,97,97,97,97,98
Woensdrecht,873,GM0873,Noord-Brabant,30,PV30,0,0,1,80,98,98,85,87,87,87,87,90,90,92,92,97
Woerden,632,GM0632,Utrecht,26,PV26,0,0,0,0,0,0,0,1,1,3,3,3,3,4,9,23
De Wolden,1690,GM1690,Drenthe,22,PV22,,0,0,0,0,0,0,0,6,34,48,99,99,99,99,99
Wormerland,880,GM0880,Noord-Holland,27,PV27,0,0,0,0,0,0,0,0,1,3,6,4,4,6,10,83
Woudenberg,351,GM0351,Utrecht,26,PV26,0,95,98,99,99,95,88,88,88,88,90,92,93,94,94,98
Woudrichem,874,GM0874,Noord-Brabant,30,PV30,0,0,0,0,0,0,0,0,0,0,0,,,,,
Zaanstad,479,GM0479,Noord-Holland,27,PV27,0,2,5,5,5,6,24,13,13,13,14,15,15,15,17,31
Zaltbommel,297,GM0297,Gelderland,25,PV25,0,0,0,0,0,0,0,0,0,0,2,3,4,5,5,20
Zandvoort,473,GM0473,Noord-Holland,27,PV27,0,0,0,0,0,0,0,0,0,0,0,0,0,2,3,14
Zederik,707,GM0707,Zuid-Holland,28,PV28,0,0,30,55,67,66,52,57,57,58,59,,,,,
Zeevang,478,GM0478,,,,0,0,0,0,0,0,,,,,,,,,,
Zeewolde,50,GM0050,Flevoland,24,PV24,100,100,100,100,100,100,75,75,84,84,85,88,88,88,91,99
Zeist,355,GM0355,Utrecht,26,PV26,3,3,3,3,3,3,0,0,1,3,4,5,5,6,9,66
Zevenaar,299,GM0299,Gelderland,25,PV25,0,0,27,76,79,95,95,84,84,65,67,68,68,68,84,93
Zijpe,476,GM0476,,,,0,0,0,0,0,,,,,,,,,,,
Zoetermeer,637,GM0637,Zuid-Holland,28,PV28,2,9,9,10,10,10,8,14,15,15,15,15,15,16,16,63
Zoeterwoude,638,GM0638,Zuid-Holland,28,PV28,0,0,0,0,0,0,0,0,2,2,4,4,7,12,17,17
Zuidhorn,56,GM0056,Groningen,20,PV20,0,0,0,0,0,0,0,1,1,2,3,,,,,
Zuidplas,1892,GM1892,Zuid-Holland,28,PV28,0,0,0,0,0,0,0,4,5,11,13,11,12,14,16,39
Zundert,879,GM0879,Noord-Brabant,30,PV30,0,0,0,0,0,0,0,0,0,3,4,3,3,3,5,51
Zutphen,301,GM0301,Gelderland,25,PV25,0,0,0,0,0,0,21,29,30,30,30,32,33,33,35,55
Zwartewaterland,1896,GM1896,Overijssel,23,PV23,0,0,0,0,0,1,13,13,13,14,14,15,15,19,21,60
Zwijndrecht,642,GM0642,Zuid-Holland,28,PV28,0,0,0,0,0,0,0,0,0,1,2,1,1,2,3,4
Zwolle,193,GM0193,Overijssel,23,PV23,0,0,1,1,7,7,15,16,17,18,19,21,32,75,77,89
Abcoude,305,GM0305,,,,0,,,,,,,,,,,,,,,
Rozenburg,600,GM0600,,,,0,,,,,,,,,,,,,,,
Menaldumadeel,83,GM0083,,,,0,,,,,,,,,,,,,,,
Bolsward,64,GM0064,,,,0,,,,,,,,,,,,,,,
Nijefurd,104,GM0104,,,,0,,,,,,,,,,,,,,,
Sneek,91,GM0091,,,,0,,,,,,,,,,,,,,,
Wûnseradiel,710,GM0710,,,,0,,,,,,,,,,,,,,,
Wymbritseradiel,683,GM0683,,,,0,,,,,,,,,,,,,,,
Andijk,364,GM0364,,,,0,,,,,,,,,,,,,,,
Wervershoof,459,GM0459,,,,0,,,,,,,,,,,,,,,
Bodegraven,497,GM0497,,,,0,,,,,,,,,,,,,,,
Reeuwijk,595,GM0595,,,,0,,,,,,,,,,,,,,,
Lith,808,GM0808,,,,0,,,,,,,,,,,,,,,
Eijsden,905,GM0905,,,,0,,,,,,,,,,,,,,,
Margraten,936,GM0936,,,,0,,,,,,,,,,,,,,,
Breukelen,311,GM0311,,,,7,,,,,,,,,,,,,,,
Loenen,329,GM0329,,,,79,,,,,,,,,,,,,,,
Maarssen,333,GM0333,,,,24,,,,,,,,,,,,,,,
Goeree-Overflakkee,1924,GM1924,Zuid-Holland,28,PV28,,,,,,0,0,0,0,0,1,2,2,4,5,28
Hollands Kroon,1911,GM1911,Noord-Holland,27,PV27,,,,0,0,0,0,0,0,0,1,1,2,7,15,15
Molenwaard,1927,GM1927,Zuid-Holland,28,PV28,,,,,,63,50,53,52,56,56,,,,,
Berg en Dal,1945,GM1945,Gelderland,25,PV25,,,,,,,75,65,65,65,65,66,75,74,74,84
De Fryske Marren,1940,GM1940,Friesland,21,PV21,,,,,,,0,0,0,0,0,1,1,1,2,52
Gooise Meren,1942,GM1942,Noord-Holland,27,PV27,,,,,,,58,64,64,66,67,67,65,68,69,71
Krimpenerwaard,1931,GM1931,Zuid-Holland,28,PV28,,,,,,,14,6,7,18,18,12,12,22,23,27
Nissewaard,1930,GM1930,Zuid-Holland,28,PV28,,,,,,,0,1,1,1,2,3,3,4,5,72
Meierijstad,1948,GM1948,,,PV30,,,,,,,,,81,81,81,84,85,87,88,99
Midden-Groningen,1952,GM1952,,,,,,,,,,,,,1,1,3,15,36,37,50
Waadhoeke,1949,GM1949,,,,,,,,,,,,,0,0,1,1,1,1,7
Westerwolde,1950,GM1950,,,,,,,,,,,,,0,0,14,13,14,15,17
Altena,1959,GM1959,,,,,,,,,,,,,,,3,6,7,7,20
Beekdaelen,1954,GM1954,,,,,,,,,,,,,,,39,39,39,39,52
Hoeksche Waard,1963,GM1963,,,,,,,,,,,,,,,2,2,3,5,34
Het Hogeland,1966,GM1966,,,,,,,,,,,,,,,0,0,1,2,49
Molenlanden,1978,GM1978,,,,,,,,,,,,,,,71,72,72,73,73
Noardeast-Fryslân,1970,GM1970,,,,,,,,,,,,,,,46,44,43,43,65
Vijfheerenlanden,1961,GM1961,,,,,,,,,,,,,,,19,19,20,23,55
West Betuwe,1960,GM1960,,,,,,,,,,,,,,,69,69,68,68,79
Westerkwartier,1969,GM1969,,,,,,,,,,,,,,,35,35,44,45,61
Eemsdelta,1979,GM1979,,,,,,,,,,,,,,,,,,4,19
Dijk en Waard,1980,GM1980,,,,,,,,,,,,,,,,,,,27
Land van Cuijk,1982,GM1982,,,,,,,,,,,,,,,,,,,71
Maashorst,1991,GM1991,,,,,,,,,,,,,,,,,,,93
